tilt_x,tilt_y,angular_velocity,stable
-2.50919762305275,-6.297341423227607,1.3085284186795298,0
9.014286128198322,0.8380189475671624,1.234893995359999,0
4.639878836228101,7.458916717528165,4.531272902605183,0
1.973169683940732,4.644497728191224,1.2477309992475305,1
-6.87962719115127,6.131222957228996,1.359748630643155,0
-6.880109593275947,3.1756673342143475,3.7969913120898187,0
-8.83832775663601,3.8455312903570498,2.2486992122527,0
7.323522915498703,6.983913031306386,3.883552784775906,0
2.0223002348641756,-5.006639822816281,0.3268307878219262,0
4.161451555920909,-0.21150072713719048,2.4378559683669216,1
-9.588310114083951,-5.5758111636079555,0.16806800091641316,0
9.398197043239886,9.753360159932939,0.3132660172767726,0
6.648852816008436,8.881186793732265,4.532187266722055,0
-5.753217786434477,-9.211463772629882,0.6962268555879758,0
-6.363500655857988,4.111503450313769,2.6621034113760853,0
-6.331909802931324,8.504966348313317,2.055478013003533,0
-3.9151551408092455,-6.388493097453329,1.7367166312942133,0
0.49512863264475726,1.3589046110525889,4.499166728436363,0
-1.3610996271576852,8.309765951760838,0.1091169838774475,0
-4.175417196039161,-9.321080428284024,3.3189484308779456,0
2.23705789444759,3.9484053449367984,4.816972171067752,0
-7.210122786959163,-4.053019852548985,2.80084091730921,0
-4.157107029295637,8.487923907530607,4.684112310165459,0
-2.672763134126166,9.421164903307357,0.26128939643011884,0
-0.8786003156592805,8.885329782268677,2.093966595370807,0
5.703519227860273,-0.5157156668507241,1.3007889548102558,0
-6.006524356832806,7.240853019786268,3.6541048249036487,0
0.28468876827223255,6.890987970701406,4.906485452486233,0
1.8482913772408498,-3.6179905351348873,1.282650312221239,1
-9.070991745600045,6.578309483013548,3.2708730073703722,0
2.1508970380287664,-9.259847305690148,0.9904881637987006,0
-6.58951752625417,1.92539756964106,2.8266512728580495,0
-8.69896814029441,-5.3998232542459395,2.319662433441681,0
8.977710745066666,-7.588662284454424,4.860026648157685,0
9.312640661491187,-8.460935967415818,3.042636363482333,0
6.167946962329221,3.925775517562794,1.747531860434094,0
-3.9077246165325867,-3.2025007246386767,0.5704789244396669,1
-8.046557719872322,4.4953354305752296,0.7562341436746728,0
3.6846605302431374,-8.692873184021153,1.1265846497561753,0
-1.196950125207973,-3.6941932433877938,1.25483330670149,1
-7.5592353031044235,0.7898258475067443,4.253080289205689,0
-0.09646179777459629,5.814463296779271,2.8061139414126246,0
-9.312229577695632,-3.6249499413586017,2.616954556871832,0
8.186408041575643,2.517827528740181,0.5738443593460874,0
-4.824400367999662,7.719554964723741,4.300698466747175,0
3.2504456870796403,2.317263763646091,3.6140715160424186,0
-3.7657784782117805,-5.340810504927324,0.3383418095000079,0
0.40136042355621626,-9.51198436886924,3.539175486148843,0
0.934205586865593,7.401977478018598,2.7176910867132302,0
-6.302910889489459,-9.574611782992257,0.4086267287338913,0
9.391692555291172,7.49403345368399,2.291503207643282,0
5.502656467222291,0.5787426805442397,2.4234814356502348,0
8.789978831283783,8.781353970257925,0.8288727008163788,0
7.896547008552975,5.975664715473307,4.728490735001412,0
1.9579995762217024,9.958682210666751,4.24987685740331,0
8.437484700462335,-2.985763690965797,3.3451116866455415,0
-8.23014995896161,5.343765778622538,2.311477805003036,0
-6.080342751617096,-1.9613817278151569,2.0588277079225428,0
-9.09545422178924,-0.40248759392182265,3.2548673357547706,0
-3.4933933847347127,2.5501092643674017,2.7271593470345272,1
-2.2264542062103594,7.4735422837267755,0.3113655294094281,0
-4.573019364522082,9.681669383985902,2.5625132438516585,0
6.574750183038589,5.365468277290365,4.032018086164197,0
-2.864933466128214,-1.6446643566533243,2.29619938798479,1
-4.381309806252385,-1.5728599544585968,0.25978288777134206,1
0.8539216631649698,4.751646031777829,3.9313909969201655,0
-7.181515500504747,-5.224457084633953,1.006818910679872,0
6.043939615080795,-7.790517737372107,1.2931041744401939,0
-8.508987126404584,-2.9075568471844697,0.8235317671614795,0
9.737738732010346,-4.255220166918365,1.6510753243574876,0
5.4448953859331475,-4.073837590880198,3.783757528443175,0
-6.025686369316552,-5.327844979001801,2.5969292975196865,0
-9.889557657527952,-9.158136207272761,1.024406370753563,0
6.309228569096682,-9.642521305331723,4.3891503907602045,0
4.137146876952343,9.75444779472063,4.397909274757646,0
4.580143360819747,-1.4445373252827522,4.352892125230035,0
5.425406933718914,-2.313467056806367,1.1939810569076963,0
-8.519106965318192,3.5929456538613973,2.2561967209049403,0
-2.8306854291145473,-5.634922242698717,4.924948280704376,0
-7.682618809497406,8.999223679004508,3.8600623815499517,0
7.262068517511871,5.726900288311041,0.1358371061277991,0
2.4659625365511584,-8.21177995375481,0.32602295630246025,0
-3.3820395029470163,-1.6483844843014328,2.319656884061664,1
-8.728832994279527,7.582366151243292,4.546101029307801,0
-3.780353565686756,8.894640445828205,2.693508989763571,0
-3.496333559465059,-0.6519697750026054,2.4890625401714512,1
4.5921235667612805,2.2682277842141545,0.5273684997831529,1
2.751149427104263,-6.659321078158495,3.2839005236214702,0
7.744254851526531,9.823372522739533,4.110515803001127,0
-0.5557014967610137,-5.3665659723311325,1.9021000375378116,0
-7.608115081233966,8.854635482702513,3.8780592546266375,0
4.264895744459899,2.992932979847369,4.8223832695040585,0
5.215700972337949,2.154735897577183,1.0188322956384455,0
1.2255439513899251,0.25377022033017127,2.6166481559737065,1
5.419343599091221,-5.386603765644827,1.4356897904228778,0
-0.12408807271218514,-6.469439359889835,3.9642720951691968,0
0.4546565876398816,-5.590275818596493,2.8879668294057876,0
-1.4491796328290079,-6.271234757114909,3.1729120877515187,0
-9.491617465118097,5.591689471335066,3.9895707980794706,0
-7.842171460133911,-2.997494816665398,1.9798523633122744,0
-9.371416286265315,-8.843146468732073,4.575450342035216,0
2.7282082252756084,9.382052602816227,2.6651443362307,0
-3.712880378473466,7.675717699268514,0.78977411417674,0
0.1714138232940563,8.55504566390426,3.4794955908440124,0
8.151329478521859,9.898156452928706,3.9663067521912723,0
-5.014155417022501,-6.522095015610255,1.5838083853376332,0
-1.7923415392874062,-2.075159621946825,4.285896284993765,0
5.1110227708609735,5.164769514081826,4.530716273828832,0
-5.424036690167551,3.9204123610758437,1.3845224368890445,0
-8.46040180342414,-6.922081873202899,4.91760736357611,0
-4.204970941724639,6.316662499812356,0.7035576402437921,0
-6.775574254919912,-5.511188563266787,1.01007834201245,0
8.59395304685146,-5.523647703547539,0.9211241961901306,0
6.162407591288339,0.739488457868271,4.469948550039352,0
2.6680751302084698,1.8587986968340626,3.271462761624809,0
7.429211803754356,1.601724156756223,0.7605214161113644,0
6.073441537982291,-8.170263252044903,2.201617091841745,0
-6.268598822279284,7.549217252607608,3.07649012534901,0
7.851179969799556,-4.687999148225879,0.41732042494691646,0
0.786844838313014,-7.4097015743439165,4.412081842036693,0
6.148803103281249,7.774961597379544,4.018017677207676,0
7.921825998469863,9.113029964595068,2.526033867883191,0
-3.6399305005627225,7.2425523453090115,4.835633076295852,0
-7.798961509446465,6.19032149449756,2.0888048963754984,0
-5.441296749161166,3.1048396127804345,4.920551595182489,0
-1.4578442274748742,1.017147412182787,3.339599994018135,0
6.360295318449861,-8.260264801771797,3.173356366269707,0
7.214611665126867,-1.8309357385860263,0.829774476478925,0
-9.860957389376185,-2.5462296597537204,4.40963879152322,0
0.21494605155131552,-4.804924324793475,2.1374484396030757,1
-1.6517799370244202,4.468402273771698,0.8111670289123968,1
-5.557843790585395,-0.08248529842458296,0.0630375998787952,0
-7.6026926533263435,-8.379075681847041,2.7987784181919126,0
-3.247696571927441,-5.596335961003773,2.6369981106133817,0
8.858194078250385,3.6651752731919185,3.596768111845793,0
-3.5359413595848954,-8.477382810193996,4.4512902650890105,0
0.3758124348673224,7.024138280975375,0.3970329232151476,0
4.060379177903556,-0.0970694597205135,3.657482451701812,0
-2.7274079524141204,-0.38826845346704,0.9370597204879111,1
9.435641654419214,1.8481556931903516,4.290885265785819,0
9.248945898842223,6.493619318502983,4.09531756930828,0
-4.964354083492717,-3.043815841956139,2.7039687749277217,1
-0.0550298821522901,3.560323051181271,3.5512139931165576,0
-3.982433803664607,1.3146392799158217,1.5717505659187418,1
-4.303190112450648,-4.6594345966115736,2.3558394946640733,1
-9.262261052909345,7.57259972710316,4.108184488552358,0
2.191286679597937,5.948520432138562,2.2963259858660696,0
0.0535804645772302,3.1690366931685094,1.788991326627209,1
-8.970424975000213,7.011634581884838,2.4710622362514996,0
-4.427070715267771,7.345884019196049,4.141246262186092,0
8.165317719333075,4.167259534300696,1.6760402368543637,0
-5.208762186660552,6.740266567273441,0.868807965678719,0
-7.102102558175538,3.949429233385672,3.5600701016539036,0
-0.21094479444873926,3.6028154352060078,4.129891063540409,0
9.713009082212015,2.372227564303685,0.5031873926176667,0
-5.158894569769991,5.054332791152824,1.1993705637797236,0
3.442710948117572,-6.827897894138526,0.7098599488049695,0
5.232392306574351,7.617415183978569,1.7397070579108331,0
-5.247249120152007,7.43687055490464,2.251754894527063,0
4.5643269722371915,-9.415054339308817,3.7441316848165322,0
-2.644337345614936,6.516335011295254,3.2557379244083706,0
2.646116611871589,-7.422602650531096,3.1046428373921557,0
2.6705942152178945,-3.297622914817162,1.761874733048272,1
0.71549368149517,4.870165125832155,4.2072377654238,0
-8.194204598911835,-6.784802079033836,2.3564358369908227,0
6.70604991178476,6.359340482381242,4.8955246900757725,0
-3.5843987005652833,6.64268355915484,3.1707106914786842,0
-6.269629792002915,0.14935467521672408,0.6313237078225137,0
-9.184497168904722,-9.872282565663328,3.3808878103771702,0
1.8178588637648367,-4.259237336501744,1.625520077158495,1
3.551287236845649,2.3385383675148432,3.4316359834304873,0
-9.668243421442877,9.62372356054847,0.3482057408120287,0
0.24186116598562002,2.636270540333367,0.8744071858797969,1
-5.470084496041241,-4.803928378716805,4.2786862945289315,0
2.9034558081889976,2.680114061992228,1.1358977851175744,1
-6.512671419900171,0.799707594317109,4.1852056262147,0
3.81875476204932,5.596907903022872,1.396380442272052,0
-2.265293073989252,-7.860387223460831,3.214409550293538,0
8.73459977473469,5.220558050040561,3.4707528675491552,0
-7.249581117080135,0.825331573522206,2.5632737657252647,0
-3.17867297899483,9.259840077179891,1.5265533834836564,0
-7.730529575188219,-3.1625566792262783,1.0632218818554806,0
8.493872365571256,2.652437862678962,0.1659467728121311,0
7.5467870676196185,8.64056211020035,1.519732006203619,0
-4.841167445696888,-7.949805440186415,3.265813952656415,0
3.19968092068358,8.744569744729024,4.691524092242413,0
6.344444004024318,3.7577144460162675,4.35602241131526,0
1.104016231989247,-8.643258817896562,3.830323882676513,0
0.5930115671201293,-3.980728661063675,3.9422367162664935,0
-5.162954181990966,4.163441772905632,3.3249245173799764,0
-8.137944643882015,-8.652987970624565,1.301434287830015,0
7.944315159066534,1.643409203525465,4.535975153529149,0
8.008361143266608,-3.0823388609408653,3.3536615595291703,0
2.6620291454653593,2.4183103553495418,2.8022031549022,1
-3.219404179025986,-9.085159323749743,0.5549473460674054,0
-3.015808507746782,7.430736123047524,2.235277719032127,0
4.519113577404788,9.469779383547937,2.3017913560096313,0
7.942205199051543,9.37755710571383,4.3228180476133495,0
7.741728485302346,4.993036634858495,2.733241100938942,0
5.597510917152476,-7.398275197387361,1.9020027448520482,0
2.8406329230857548,5.165263918580452,4.884001642553296,0
-8.317200700099024,-9.50826167082397,0.5536029666315784,0
-6.767425718107725,-9.557528969420055,2.112742141559723,0
7.971083770541586,-3.5277956170091755,0.21012337585702645,0
2.128581193191799,-0.2271361919066841,3.6995206038346518,0
-9.816058967667407,5.4081483561558645,4.5903827609957535,0
-7.9705691426793575,3.6659075321301042,1.4001866477524472,0
3.2700353821611152,-1.0819458724650328,4.291708383995604,0
-9.898768323075625,-4.527466674366682,1.4610911523094887,0
-6.783838971650027,9.942490003154223,4.553850808219576,0
0.9746757873317229,-1.4763739552805415,3.7698095179839197,0
3.837903953853864,-0.97225951340649,4.024533884207193,0
3.0392251900520115,-6.727523576166616,0.0900327780022725,0
-5.514613810788804,5.8961909749985875,4.81405178537013,0
4.243584426950717,3.8736445156297723,3.633354960351616,0
-5.255018250063999,-5.584607744224792,1.5237554769306665,0
-3.4920060368146455,-8.352379087683147,4.146973324294235,0
4.929828102360483,3.6099860414942615,1.4076059920746498,1
2.992657980944294,3.090224285622705,4.363769197830639,0
6.984468209883559,-4.534809460035813,0.5629019520596851,0
3.152257846006867,9.017271245008207,3.518429887303979,0
1.3661720667094315,-6.978842164381995,2.7034923832245514,0
-8.12650464343815,-1.3533039791479613,0.48267235097720407,0
-2.645683938811329,8.872318403351976,1.209469141294195,0
-4.695952646365491,-1.6054536614775543,0.06202018138657395,1
-5.1202071324183285,2.7705189532817105,2.343839827322529,0
9.460211095048912,-2.0481120407441145,1.5063263038000019,0
-2.138045506664792,-4.515695953026599,2.991787421488794,1
7.8409311035422675,9.679552959196563,1.486189038543086,0
2.622772519945258,-1.8133198736991396,1.4995955575349234,1
5.896226070832968,7.881984073582689,3.715965993658017,0
0.0527418621038418,-5.400907882178276,0.24071417989176724,0
1.5380776925271817,-5.737905919498334,4.514474975959936,0
-0.14964612362272156,-9.377318342309772,4.261319371955907,0
-6.09514024403911,3.033336507517701,3.3390234161320325,0
4.4490423052301065,-2.629473125524777,2.9661078505369214,1
-4.384552751182884,7.28716499679274,4.4615124906982615,0
-9.513680671370924,-0.5358018661688568,0.9266508976435722,0
2.9094459181433567,9.363868558294435,0.39484581095414306,0
-6.457786411859021,-6.289489685937577,1.1975508495476905,0
8.809171687058285,7.372463359112217,3.9728913935009516,0
9.078571540051747,5.531937055834835,0.17335133363241662,0
8.29728780440897,5.41843689288104,2.914034175417448,0
-2.5968259948911125,6.895664562337753,4.977187580956549,0
-9.690867669422651,5.220479818859978,4.278480469187697,0
8.566371251754507,2.5244064326283073,2.607228445217947,0
-1.4363170336537134,-7.3751024463522485,0.3182045464332117,0
9.333096380873393,-9.349476410174962,4.156867571928549,0
9.272399541785056,8.416956956313737,2.9948925408860525,0
7.060189109347203,2.3330062904147617,0.5746649852978342,0
-4.111022158608286,5.930745819523526,0.469286424116781,0
-2.298045427961495,-0.3695529697489981,4.548134097182962,0
7.022733430337137,-7.65383622075211,3.346001314690392,0
-3.661559896874447,-7.496284155948992,4.146433996583777,0
-6.61014506627815,3.711305744579427,4.394894501411336,0
1.1360252491670035,-1.3938821020107461,2.858861760241611,1
8.72309548321562,-5.989505465993266,2.5872317587752063,0
3.9205959334994596,-0.16810906517126156,2.152137051604951,1
1.4012234017872984,-8.715821258497318,1.5847329389555964,0
-8.05647012458463,1.639428038287976,2.1729798042935586,0
2.3001445339833957,-4.620131911298047,3.869398278650782,0
9.801077002085265,5.951182012743763,3.0096171550756576,0
-7.19831969526952,-3.7927608215285247,4.462616449774231,0
0.3665930472747352,-0.8955970183639756,2.216900071895939,1
7.5474614385591074,-9.767589201837987,3.03544789359377,0
4.815372355084088,-8.551062244108822,3.1565377654599436,0
3.9403148199053604,-2.150128871866304,2.9584858115316277,1
4.049681679742186,-0.4012233056575294,3.5131688654275814,0
-2.8101769756048967,2.0004109623860735,1.1871673418740314,1
-4.128163114710133,-4.166748425813935,2.561818887728953,1
6.187223109570272,3.8996377225308514,0.5211240140417384,0
6.202267893583617,7.20244794378409,1.9225566382240626,0
7.341446371602075,5.597019777866997,2.438335343106322,0
8.264811051129428,-9.207623493032857,3.2611212977273625,0
0.22684797721875682,-0.38986105484342204,4.752655262931017,0
0.030325893743992083,-7.901396431636503,3.0032553327417792,0
5.965903579335503,-5.159099682749451,3.717969580882799,0
2.999278615555303,9.733251865342929,2.5313302974760137,0
4.039337545154067,-7.150089141969735,3.170520156881657,0
5.91585338872202,-0.02223693097287871,0.35466108066886715,0
7.8001068363513255,2.3631146863623815,1.271957904209235,0
-3.240096862969284,4.049299410882078,1.8092654660256935,1
-2.48834094720112,1.192973669738283,2.362466775032568,1
-8.12036120318262,-9.804583051616326,0.22824372751191868,0
1.5656028199234804,-3.4707738351201627,0.7001204877665884,1
-9.281154524065158,0.354232867694229,1.3840715389565288,0
-0.6880396373507978,-8.242670017103332,4.8576634545052535,0
0.8528926941515316,-2.987461375816385,1.6567350355152537,1
-4.269174957434312,-9.33593782417267,2.4102052905604125,0
1.816665211380215,-8.428430056899586,0.9804885636919647,0
-9.389995001219011,-2.061534475968079,3.0539003553788415,0
-9.253036225015713,-7.345684919138793,1.4034160775798714,0
6.452011213193167,1.3508169652311626,1.0349628921921339,0
-2.7961871717747417,3.7892993827453143,2.582863142229895,1
-7.458789746962305,6.011733982181656,0.027528995802104106,0
0.4448652010960874,-5.996995115103799,0.03832016324612664,0
5.399871061972217,-6.650348354818605,1.0953440455092889,0
-5.683579450063137,-7.908643193311995,0.1836068125041057,0
2.4578095163800047,2.728604990872734,0.5401287706534569,1
-8.29305070012464,4.129514529738023,1.694303246693758,0
-8.966365576627846,-9.36827710348716,4.012928397899064,0
0.6270926313629595,8.724244924873798,2.860243216846504,0
0.8127024322021299,-8.960574326970551,2.563338629782082,0
2.748598029964132,0.8259267060214093,1.4674441160406082,1
4.52182667445323,4.181210389018329,4.658768597164082,0
9.517041589250692,7.419382474921711,1.9850752061859582,0
0.3260069660239058,4.2817386426485555,0.43546383397885746,1
-3.5408705411750807,6.034561661395838,3.0853325805890064,0
5.903723895374073,-3.210996149143879,0.569191967383007,0
-4.583354974758516,6.296502274930244,1.7261157140084604,0
-1.2205715858872779,-8.397703072306497,2.537059693589044,0
-8.430872373154681,7.896333121210553,4.371112623425879,0
-9.49298513169085,0.9518475230747256,2.467732901700593,0
9.252968293558503,6.345955399249874,3.5112938301583214,0
6.719602410244118,-0.9536343096339976,4.964084194995352,0
3.9194841218739604,2.871553903930499,0.6574455994899081,1
-1.8209411117146033,0.5280532187222633,1.3736576275975976,1
-6.534113598583085,4.6317904351066375,1.972880377988232,0
-6.871259146578279,-8.367400359388208,2.109140892694157,0
-4.995142036708094,-8.792958320188724,2.0551053763277287,0
0.984533294122409,-5.057935319797071,4.538055012782775,0
4.291918454001246,-6.809106397736233,3.570163222334282,0
3.2039475343546258,7.435671331844034,3.039526070453519,0
-4.401322061081143,-5.615720252839114,1.5468635893139104,0
9.097305613263881,9.517305116382627,4.118951921106474,0
4.757938333915369,-3.262084164577863,4.775302557424944,0
1.0870810502280133,-6.357641686226014,4.105991412751132,0
2.2344149246870444,5.793970142849583,0.00782552595736452,0
-1.6079987514442013,3.1741555100175223,3.182006850917035,0
-5.045380209976851,-0.03608567093722037,0.2556769072105036,0
-2.8805464269747683,1.1072710187526251,1.2880361016686093,1
5.156922209287382,4.384035565445277,0.29762350173885843,0
-9.712130227404883,-5.4309051733740255,3.0189772647469386,0
-7.678547189861675,9.926678321134837,3.4329495674630337,0
-9.079947159564945,9.495863242935663,0.5724381903295256,0
-9.185423953620598,3.0065137269387385,1.9191944152248974,0
7.109211680220145,-6.009150981417097,2.2811825447777103,0
4.073157187600474,3.6045648486258273,1.845265108804583,1
-0.5165234182534952,-8.556031820416482,0.6051250024259652,0
-8.04331678697997,-9.386949955883878,2.0947389509373773,0
-0.1676824976633533,-4.846342229775726,3.7558902390420905,0
-0.5305645843886868,-0.7475408652136739,0.35503832266627733,1
-6.535962601799696,7.365450108167611,0.40090007040951725,0
-1.3229670152405397,4.543381395326161,1.773856459179921,1
-2.0299053120525308,4.854130423999621,4.708628558094626,0
2.3170019610443298,-1.490133311038493,3.3428632336145703,0
2.7018730173528756,-3.0813001490607412,3.393349783362824,0
-9.09391980455911,-2.5792247403079465,1.8095999541893248,0
-2.5077477074705756,9.752991274721158,2.9683039560426923,0
2.5171983142847267,-9.19781617175035,0.05065592013871689,0
0.06272517160175362,7.340629922448972,3.180480232047711,0
7.129796823766444,1.5735081714478678,4.566434737881184,0
3.1738726323789006,-1.2276916162081903,3.062867341724096,0
-6.741311458371406,4.50515320830273,4.368492967331726,0
-8.588625051991404,-0.26662117150594256,3.619865277330469,0
2.8483855641263123,7.468464761633211,0.6027920820184512,0
-9.469773789167563,8.014037280225171,4.512266536429209,0
1.715511625469265,-1.5655814625308917,0.3322192217788744,1
8.804604828499151,-4.463444055298968,2.6698373627388188,0
1.50948355751758,1.8470065718672437,0.7106856189672883,1
-2.236601475869562,8.24726691233382,0.05853305365452033,0
2.8657643688470635,-5.786756219886668,2.110171300638195,0
-0.8349421901696665,2.4593316712696556,1.4752035382707813,1
0.9123357863186996,2.631204401850411,2.430002468988015,1
8.829296175530502,4.66226044830562,2.885999433672754,0
-2.2779472439845154,-7.368646297454804,0.2186953615447368,0
9.223811276478283,4.316499293641771,0.6150164756187282,0
8.107012839121275,8.180650413312819,2.7932119822521266,0
-6.084177304214071,-6.406337822595161,1.7158367658632911,0
-8.612773982496691,-5.249133501522447,3.64586743774724,0
-7.984439972451467,9.427901880832792,3.2614582429596983,0
-9.635563486969005,-6.380460945810205,4.228021814949534,0
-8.111140784881432,7.0877018673915835,3.4624641333461263,0
3.6601354683271374,-0.1544428710393042,2.149655386950741,1
-8.57622703079542,-5.055378511936459,3.364833111972162,0
-3.6204873941247744,7.4149980254502275,1.3769058712770925,0
6.89750621938909,-1.0938948999466902,1.5315674938910635,0
-9.534561285283482,0.29634707859380427,3.9449257996039666,0
6.289369651778717,-2.8153326120046867,2.2320975820079108,0
-4.362904504532001,1.859017028698549,3.9919017025917625,0
-7.636703447566875,-6.729522548299545,4.112111868341392,0
3.9347433072830125,-2.1783692669647863,4.287811688306419,0
2.5788569355976794,9.38824644670575,4.583176179206037,0
7.549440270541059,-4.837331345977449,2.154926102566481,0
4.701420876077716,3.134733290825844,1.594334091605694,1
6.06961860769697,-3.496198715506102,2.910993732970569,0
-4.35930854857387,5.469462513732013,1.855862117188138,0
-6.451209124405544,-7.3825267856330035,3.0053708340011647,0
5.012295032817168,9.396420901570895,3.527929313219123,0
6.136694785345281,-0.924209172327215,3.4420250924606846,0
9.810102840013467,-5.278990733070721,1.8727644351006068,0
-1.7476464617714704,-8.530065053399747,0.8343010084937641,0
-2.559638284144336,-6.604841898249186,2.1526466923110377,0
5.528259214839936,0.3954789711203528,0.7129707204095437,0
-3.183929194939643,-3.2599364713742744,4.450485175919042,0
8.615146512071295,6.577667317652189,1.729387303689287,0
7.168255036860238,-1.3822495267638821,0.7722987361166189,0
-1.420119452499634,-5.025714548247402,0.1272387995287544,0
5.017421355829947,2.3428997320806015,3.2291119314324215,0
5.0908574816936465,4.135544337708916,3.1845115872737164,0
-7.937522623281348,-6.659161841981003,1.7030208329064584,0
8.051058133591333,-6.647615674233647,0.35855944423825503,0
0.10504744895714246,-9.266571461329141,2.0481444744761603,0
6.529149322154833,4.728040301312809,1.5560874753169678,0
-3.599007979387765,3.276090552436102,3.3856031986750468,0
7.9104645699240095,-0.5073824850037223,3.028896247263452,0
-2.215966425316738,6.883408979383944,1.8229686409877,0
-9.783246970394032,6.113403059001065,1.0894627712749505,0
8.107639528385274,1.7070872879350425,4.940179830777959,0
-8.174266464277329,7.365425610265174,2.2700081059805743,0
-3.6137272481917027,-5.8831757992646345,3.441371178901185,0
9.001239341016099,-7.7616076120454425,0.7027648378918039,0
9.012142938751122,-4.605007769660208,2.427948498296989,0
1.4687577624657226,-8.858262878213703,0.13768359934732743,0
2.6367442433959845,0.6233905600206402,2.5272755895522496,1
-1.031089560433605,8.732113845899228,4.820087035588512,0
-4.135784566038709,-9.213129186629807,1.9210335649290011,0
-3.4267090926016808,-7.557801719799464,0.19498006287455794,0
3.450369121540769,-0.956019434331294,0.15477895459671764,1
5.0474905887536,8.677500350558098,1.9399337997343475,0
5.83158087451697,-3.67687790046499,0.8001246823159702,0
5.792362855891078,0.14469617376784782,0.11676048164092956,0
-8.175877939026194,-9.168542818992158,3.781068069750884,0
-0.11159390594837149,-7.033135980758223,2.2926150444094535,0
-8.848824799667113,9.732602459176938,1.4462238598632726,0
0.9905776464747102,9.302373928720911,4.500415915082404,0
-1.1693899725324606,-9.901200381311808,0.580694801002628,0
7.754083655165996,9.03623570846478,4.779594144776596,0
-2.9816997489584267,2.782398756310007,1.569833586886764,1
-7.658659671447882,7.358365890400442,4.442018361543406,0
-7.140166358943283,-0.9052028873228188,3.0147143823973077,0
5.230212634349446,0.31192057158500575,4.133536798707437,0
2.364361266325222,-0.22306839486159546,4.920065816052322,0
-7.977546477544195,3.337285150922087,1.4420271890937286,0
-8.317863877700052,-7.206974904873742,4.805677427037965,0
4.019382629182399,-9.400528202546441,1.9474094745121018,0
-8.544739872716129,-3.8414011681761817,1.9275595236846117,0
6.437201185807126,4.093615254732935,1.7019355212725285,0
4.1248445431299245,-5.962930957541033,2.707038036737926,0
-8.373024387162005,3.4686486664983462,0.7707252158924355,0
-8.30324571829616,9.398240922145408,2.768557426790056,0
9.732791570023508,-8.121985684211632,2.70852406205002,0
-2.514584084877594,3.4520423645025247,3.80950906302435,0
-2.587157058662182,-1.1249956139085775,4.168249809687928,0
6.255991345150051,7.362845087550106,2.2022067515621204,0
8.944971547677174,-6.457004211052282,1.5116662467574686,0
9.720021276457416,3.852519044523291,1.2966744865854722,0
5.0675637051788325,6.762305792962206,0.9731191835243597,0
-2.4748082893816843,8.892284389480466,0.2882379109951244,0
-8.329985666026625,3.664960565792917,1.7122398941735666,0
5.542938318548735,-0.05650471983145344,1.3512384606539163,0
1.1680849947161,2.356944804024277,4.8320869293320365,0
-1.5155598150604739,7.378099689574363,2.7885441312502195,0
8.12708770189472,1.4121949327765932,1.7363851951525378,0
-7.776050353876974,-9.392258806063262,2.90233800496848,0
-0.14749791418281788,8.618973910139555,0.6959835067284775,0
-9.772927104651618,3.790535020631223,2.2202187460110148,0
-0.626787160117475,3.5302677155449302,3.131171607105319,0
-8.873934486363254,-5.6864969520456565,2.444489158962257,0
-7.623641674638561,3.177709404653143,2.0088940032716214,0
-7.649475064457903,-2.1227118869168304,4.969241944498491,0
2.984206042321272,3.024659540829841,4.401573810744635,0
4.920897585308467,-7.868139393840186,3.1170297907972007,0
1.667375301943192,3.156906092060721,2.8468868059114136,1
9.243450969490837,9.98827451541333,3.1033023991229203,0
-2.5025884095259183,-9.03575922278888,1.0065605391121664,0
-4.285758274362785,9.543483684426345,1.975688716321593,0
7.3719825637892065,-1.8618407855425883,0.1972976644544966,0
-5.528083229610948,7.415069006745185,2.3777301874341332,0
9.264450788812226,5.64770968116547,2.7151229197883158,0
-9.756910506203674,1.340325219733355,1.138748680516048,0
9.39757653415278,4.768984185026531,4.820144235827569,0
-9.136801760988478,7.570311226026959,4.54727305468621,0
7.822862273961423,-1.917193566979341,3.6107161772795293,0
0.5540221817259976,-3.459336768735226,2.666933143826813,1
9.859295922386007,3.3518677112716944,4.349845798238425,0
-8.524068705292024,6.15691883882517,0.6532617191173146,0
1.0770856880264148,5.245702695532316,3.952548971374425,0
9.38605071238198,5.95627297717269,0.6241040698342415,0
0.46195688340297636,-1.2883337037413405,3.971053312747027,0
2.5879727627052507,6.356684323500431,1.3788378412567848,0
3.9149737796923425,-7.595818892587831,4.385452905090944,0
-0.9091787046445354,0.8897819592169913,4.7202104691269895,0
2.551161601681269,-9.884826790037568,0.7439798470255782,0
1.6862862384620048,-3.5082834019945945,2.3133780253269673,1
8.023160209819778,-2.670769302572042,4.904936890813426,0
-9.091072393170842,-2.076546167814892,2.417037179865733,0
-4.380736208155394,3.9093441337972443,4.317737612572726,0
9.008229681531176,-2.2288379745930857,2.943657610656599,0
7.805275677818326,-1.026127547549386,1.8766495395980094,0
-0.8868649442857404,-5.24911738251345,1.428917777629351,0
2.4026519560307342,-2.5349641674131984,1.0161154554304364,1
-4.452376340377347,-5.454607454736971,3.8089909568884863,0
-6.237576805524774,-8.536081524631127,1.9327025341151394,0
-0.7260319012003578,2.0689718676275586,2.5563773110037555,1
-2.9329554394789437,3.3642559711003255,2.4616274000059097,1
1.6731222370174414,2.3898069201922905,2.8863951461656563,1
-8.445307260700304,-0.7301191239885529,4.327885728122761,0
9.48789615332333,-2.404284396415404,4.903696717917147,0
9.724214889592059,7.266672991436504,2.0379210428690846,0
3.9632342803949037,0.38163570272436154,4.137594610531515,0
0.7219273268824082,-0.41636244740537975,3.8226389732735884,0
-3.8094476742734447,-9.487158683871286,2.8676447572778665,0
6.275900394138972,-3.175043447476873,4.780235718059665,0
3.694623451077586,-2.396087624282859,1.002372577642014,1
-6.747661213102174,-2.0235443820619903,0.5463210515481071,0
8.21854368987685,1.6034473845466461,4.269809834777111,0
6.450744858463381,0.6720509345375696,2.1957490831687414,0
8.99599826583848,2.1581018558688925,4.2348442710353025,0
4.5143901677672,5.297665230842565,4.4654510259770746,0
2.268303918715798,6.259714774321871,0.3122879680953572,0
-1.6351392741876225,4.362461524529888,4.417323814930303,0
8.654569667080267,9.110473919098695,2.241595276847111,0
7.321277790008168,-9.635348346472767,2.5521624450211613,0
-9.095626597876212,-6.0844402863290785,3.132962555466051,0
-9.47266051005496,-9.848742500437158,4.6319130336504335,0
-2.4707326624390085,2.9494942830920596,0.09558047214882015,1
6.211066615636657,7.960610978999739,2.3842173415890855,0
9.74552258629889,-5.1303540684740145,3.4386102121528035,0
-6.991662177929436,8.540690895926133,3.613534788491142,0
1.8826143070427026,-8.794652194208783,3.46266215768554,0
-2.3821828673795693,8.688720536110285,0.6721756470406093,0
9.398287956292066,-2.9675462552073117,1.4969779418584062,0
6.842378462714173,-7.97158343101567,1.7935776270850674,0
6.766574094222758,-0.28256481627348684,4.022186038397525,0
-0.6261368041005948,-4.864468645589842,1.3937993620727651,1
-1.703609953246696,-4.302541960761543,1.0535248193360158,1
-4.531858561385875,-3.8542007014742685,4.787240095190481,0
-8.872490066981458,6.060517956653268,0.0443164255673445,0
7.294447525101063,0.7832255335050888,4.989104278409891,0
6.258020182601552,-3.7738460168799275,3.384106494286978,0
9.994353465722611,2.2066756662183664,4.142346497245585,0
9.93273674147811,4.323013484463871,1.4730969817309658,0
1.108634112052549,-4.547519985329325,0.07157638833529989,1
5.37974830361021,-1.7290179694929702,3.6893475928076502,0
8.89531459764856,-7.562278133261049,4.170722985003379,0
6.992947813548231,-6.377013009306394,3.702380659767596,0
-5.053037965136047,3.622357079299656,0.714251436504193,0
-0.9891172937981292,-6.371233046087461,3.767139611284845,0
-7.4168116969701,0.5032676733412025,3.8446139105382047,0
9.081020545174447,4.1809252344486545,3.2927025783502746,0
2.123492689017601,-7.862461538105123,3.830579663977931,0
-5.427143889930745,1.3462443925780718,4.229607198388661,0
3.434013688117135,-4.868744325972725,3.068020571187292,0
2.3625648091579166,9.258537504751597,0.4430235698483953,0
-2.8367456393431905,-0.3290870656015059,2.4381390483360543,1
-7.72884815600742,6.119850995503164,0.3882466733580253,0
3.4314639118559924,1.0045308431252344,2.037715155162154,1
0.40615401807586693,-9.131749342903618,2.0355324456281383,0
5.446367834712786,2.663027511880447,0.3300492207012079,0
0.40327002223986774,9.02806684413314,1.7441026698473965,0
7.043630006370801,2.0322364029266247,0.5549904939565742,0
1.0381367754897113,6.383777188535802,4.0411760500461105,0
1.2187594307077259,7.6841292669681565,4.7384401298223535,0
7.533072053166901,-5.4384045610213505,0.36158237628969303,0
-1.9303426757520583,-5.759103201835467,4.775576036458507,0
-7.319695430987185,2.219619777019835,2.6128829966837257,0
-9.42434647373322,-1.7794306038659062,1.4978283897693694,0
5.1027451134723805,6.797226057334406,0.38431037638081755,0
2.406191027069294,8.000462467960222,2.503121340352089,0
4.081595361984471,-2.931572413945638,3.9725777224537433,0
-5.740716769821786,-5.262588820510359,3.5354323863334907,0
-7.272570488264605,5.610510304877236,0.2511300573198688,0
-9.709106686642361,-4.503879289037278,0.36450917683951756,0
-2.9882488238680605,6.452286370273569,2.0143664131631853,0
1.7983537370926612,-1.5252349270247443,1.4764524702397164,1
-2.155119098005354,3.3509979858294088,1.1619216152802392,1
-1.2505015595254179,-8.089293723306636,1.405022494543568,0
8.083173889874967,2.4771864935314607,4.017413716484423,0
-3.0348906595339926,-0.9646464252554168,4.64614026815927,0
0.2797897831962164,1.7321692635094816,2.025513472637832,1
5.673060254822861,-6.639715845102732,4.530555010662486,0
-2.069144353574597,4.737474898883642,1.60747850623941,1
2.4417340045574694,7.25594155086457,2.382184931718958,0
7.247274174934905,-5.665203998184487,1.1301449890799986,0
8.990412473152844,-8.085708889596766,3.2023802108792196,0
-7.058530381419241,-9.527228279073272,4.894905575874045,0
8.531752503229889,2.839430008865321,3.0174654802168934,0
-0.15767413840923616,2.1418807217756157,1.7890704205677443,1
-4.8351122340208335,0.9339482542814004,3.239087229952642,0
-0.8172848752347743,-5.361058077680491,0.6146033923269378,0
9.600651505709543,-2.181880081889707,4.443295401326993,0
-0.14763812014260758,1.8895267037234618,2.515419753899182,1
-3.424967794249836,-0.06466282281661151,2.24674871019821,1
2.6680170863345154,9.755710404297744,2.929323942267596,0
-5.197087624436138,-7.271204948865337,3.1239193139470123,0
-8.482733437826722,3.902891080951875,0.35887903113256514,0
-7.4224055617870155,-1.9136246379141575,3.413086106117012,0
-7.439083220844552,-1.4360077014877053,1.209658401577648,0
-6.9619461297541125,4.351955313163526,3.569763162532949,0
-7.223456547011797,3.8487230264873933,4.112673971920984,0
2.817494896064293,9.825119874043764,4.019792537762601,0
-6.3623983120171035,-7.432114210917495,2.7625048370394456,0
-3.086654333522736,-7.917807012316674,2.600849461553756,0
7.935768198120236,4.486776342574823,0.7143798066970586,0
-0.5207671947425538,1.567738340128182,3.876730752015678,0
3.3511547704205427,-4.516786668803883,1.3570469022335718,1
-6.553602575967403,-8.411612620220268,2.483477114089733,0
-6.1542196238265845,-8.286835008071389,1.4213704646375835,0
-9.182627674670423,7.883817493282365,0.6691418149984657,0
-6.621298738556709,-6.162653505625142,3.1477884844586828,0
-4.4281932193608275,-3.5325687576895852,0.27166017411451915,1
-6.459790314465064,-5.46687195546024,3.743226170631,0
-8.225949324858888,-2.9000738833612534,1.5879339763055833,0
-7.587282577987984,-8.611523145078133,0.0006734650224266003,0
-0.7844246393454846,0.3811958181654074,2.555645696186149,1
-5.87332563188415,-8.647748728155701,0.23425954263801563,0
-2.714602779038491,6.007130156447232,1.3808477891044975,0
0.06834541709713804,-5.3257583617913395,3.534882437278581,0
3.807896572587307,0.8002382920902118,0.3134481081093293,1
-9.213757203178021,7.6015817512291655,4.196692461780012,0
5.988207978180853,3.017547380943883,0.01909961329291554,0
2.5580077898181557,0.659155731026706,1.2341193460095112,1
-8.364819361022562,-3.513324937692488,3.704520280760357,0
7.471572482135546,-3.339961738836042,1.581350748646534,0
8.417448010636264,3.3897391039638016,0.5094619403300676,0
-8.778440802902725,9.88278722442335,1.8011695940021393,0
-4.4624470370559255,3.236783796987572,1.3519664319226277,1
6.124025595861227,1.155668347400498,4.213559510802774,0
4.965193807673167,4.613010204784922,1.5667395879257158,1
-6.3095796128724535,-0.6958877543256374,3.944662358880036,0
-5.813013533265794,-8.797153147984297,4.459360724053674,0
-2.5905579441723603,1.245936317558197,2.1690870978826475,1
-0.30954029617957346,9.152505690107603,4.54971571927196,0
2.365095430605919,-6.493941152846807,1.8865902698159642,0
-2.621727208604552,3.800097816413315,4.820392082450541,0
-0.7493056773370412,-5.9813262268188705,0.44644762262786464,0
4.94941876267513,0.7165536894616249,3.435096332516214,0
-9.266335942188043,-8.066471007065608,2.4690702022846436,0
-4.951261113119585,-0.9925812748362972,1.9382440272782353,1
4.266991717691049,5.123266577904921,3.1635593937430047,0
7.9041367537439875,-3.0485695152203585,3.519285458171656,0
0.23354884231332207,3.2982344897443596,0.021816348251545437,1
0.6422697053063136,5.908999215794584,0.8347654437359936,0
-7.856559773204479,8.543556389589053,3.5652302531715936,0
-1.0517526635309071,-5.307158362890929,3.331927067891032,0
0.6523453291004628,-2.0136816838138376,4.830237525643386,0
-5.150589927305407,-6.951679733391652,3.805188951253915,0
-4.615135381012381,9.849670043167503,4.75386353865669,0
-2.454316737907547,8.540019358485907,3.512702507674035,0
-9.598576044445473,0.7991426056111912,1.4902610431972159,0
-3.5584166883364343,6.840665887528424,0.5268246112542824,0
-5.7710398600691075,0.4191595454408432,3.909119316724678,0
-3.4500529564417075,2.471713760055195,3.2207461073795796,0
-7.604757363614976,-8.217511357679667,0.24093006196648115,0
7.810545614797899,5.1054084099361585,1.8002523295048918,0
1.8718490710809732,-7.445730327295303,4.783999077421431,0
3.582046382889793,6.521352605050566,2.5020057285510062,0
5.783424772146766,5.640561753407718,2.163645680098523,0
-0.031156021418855318,4.174893954859529,2.28849802579647,1
-8.261594238251526,-9.276792389504758,1.0444136200258187,0
0.742130836370956,-3.937432881093428,1.8435358543239762,1
1.736822360417582,-4.737748601783142,1.849066279935883,1
4.908789483686601,-2.7972718505696186,0.261775100937362,1
-1.3668090754064117,-8.24714506472323,3.8378381425895913,0
-7.448393944088725,8.739156460621256,2.082522159519395,0
-4.324481884025511,1.0760448142475258,4.110899434082117,0
-2.738354072027298,-3.8895137868395295,4.251740005599477,0
2.9183448266320244,-2.0603696585143316,1.0599702734932903,1
1.4155660933782386,-1.0559491899032878,3.2867674108506426,0
-2.878065482043075,2.0118866672123463,2.3614090208149086,1
9.730304975859593,0.31358855392995544,4.400783689607425,0
2.1154963871377426,8.387839464288348,1.0787033958822705,0
-5.25546416528011,-0.060730341883395766,3.389066001550221,0
-7.964350547591925,9.843160296466252,3.038760611263613,0
-6.94281721631336,7.028499154901915,1.476507387859164,0
-5.080845432309838,-5.829789712853284,0.6830045182558631,0
-6.786372534808887,8.611904292878325,3.258198802386383,0
-6.268659518973885,-7.672672042290478,3.6929872906616534,0
-4.298096626123058,6.348994169823833,1.5781367188167499,0
-6.5325280941049035,-2.3875341304683984,3.224163020111569,0
7.9353084925285025,7.559486408901389,1.9756545380575163,0
-8.395325086767155,7.361133802149006,3.5660344164130886,0
0.4902277914050934,6.118508002352424,0.9960763744702655,0
-1.7920634602067693,5.800608726141228,4.451075013180872,0
9.647572338172129,-3.9064172180391843,1.4370479823278988,0
-7.759221956638953,-8.381614338974956,1.8389299387807645,0
-2.042888019085167,-1.9403964246967718,0.2904597604017489,1
9.389408665507379,-6.529509700269827,0.557561061606382,0
7.310142517879605,3.899021778049235,2.5793095135616406,0
6.3414414189856,-3.078005469244289,1.3379633836398575,0
-4.841943459101204,9.512204017198297,4.177401128710972,0
-6.582248252198683,2.8194415469066403,0.07346694327476921,0
3.3728643984886197,6.449611272687218,1.8954702433596808,0
8.587519782551716,-7.349506545163031,1.6867277338454634,0
1.135257860278596,7.2402896454524495,0.09663815458800518,0
1.432253789397997,8.455143810267888,0.6218419950025511,0
-4.4004181267943165,-0.2587616236212824,2.068213374593176,1
5.389858663838737,2.1250587550195483,2.4643229222372334,0
-6.259125028849533,5.296196018059909,2.0214487362743454,0
-3.526415271915127,-6.503227454791749,2.654688392060469,0
-1.491271227671664,0.05132152926884892,2.9756583745284075,1
0.15220757368910043,-2.026739444553738,0.04961910563917815,1
-5.151805351698395,-7.072520156755018,2.3204757972675196,0
-7.703263505215929,-2.649311554169371,4.8174962044379415,0
2.212400848832651,-8.636553812290128,2.5951614006477435,0
-4.227388935194885,-9.48376186101026,3.387711337294766,0
1.6247644284522451,-7.296674216903545,1.559319289584416,0
-6.912745694515953,9.262302231783476,3.8699568907638127,0
-0.3771979629036508,0.9905907179003393,3.8646074093805756,0
0.6517886510317172,9.3164432230644,2.6064802382706946,0
-8.963529263551461,-1.3500424333973609,4.880069116396068,0
-3.267914436121588,-3.7636773382948085,0.6277510738132669,1
-7.311706461220515,0.12283725680488189,0.08473832444790497,0
-8.732500590544646,-1.209766227341797,3.8507910587854797,0
9.799204647798906,-7.886706314765122,4.035777686824413,0
-3.5529231005055406,2.816526293804124,0.6010361456028812,1
6.197488917092699,-5.679236349808008,1.3279141647930304,0
-4.907186904724723,2.391759097956591,0.08776181683314455,1
3.630054444478585,3.0040218479630667,1.4665430539028235,1
5.204557197793731,-6.959502937427038,3.8657093695933575,0
1.9127748121568864,-8.773007457786637,2.5898026385628947,0
-0.5684762289968326,5.615231721368797,1.7404779658414404,0
-1.7631817170546285,-0.8039915246135969,1.8586964745316514,1
-3.0226346691400945,-8.836724089890485,0.006768128577340771,0
8.590582884956518,9.897326343395342,1.4990026378261794,0
6.612388155754584,-8.844388780072666,3.2322937081896526,0
9.300538213330253,3.900704577171064,4.870972219081786,0
-7.514055530289106,9.67357850526827,4.235304134919497,0
4.617349504072886,-5.216397915681488,0.11797482322764563,0
8.766809136420758,-7.1550126262560765,4.492803023374197,0
-6.3753386766867965,-7.572301211551422,3.91599206649313,0
-8.67007465266445,-3.9344970486480886,3.901880617854902,0
4.822412985801181,-7.979083779787066,2.2899787950178574,0
1.489462263598238,3.843226833882639,1.990026464772514,1
6.836575535165441,-8.754164037398747,1.514578644165963,0
-7.20455246747421,0.1884425629957942,0.3284742947718289,0
5.905346237197804,9.933937077059536,1.1411768174684955,0
-5.967453599045109,6.2794053901203775,1.2330181748901232,0
-6.72688114268591,2.3043887646202172,2.420385348551008,0
-6.714684041380141,-3.874927584267766,3.7372220329834698,0
6.291494404627642,2.4779167258327703,2.3690491419897333,0
3.303944413924002,0.5408292782330335,0.28922224723580303,1
0.4613084953823865,-1.4783323221925713,4.78894900494102,0
-2.8233903175299506,-7.38579246519601,4.713621595470562,0
7.5440108162621655,7.732084304809334,3.925947715742042,0
-2.1510978515472923,-1.0043070235735492,4.9566395078211025,0
6.331988789431541,-6.107549763584698,2.7224116640013145,0
-1.217301828595632,-2.6448129824542077,4.813841751266031,0
-2.4611114115018484,-1.717404949421459,0.37802520308375387,1
-0.7464042866078717,6.5507579113374845,1.8284037413068566,0
-3.972442516717159,4.672287611228041,1.126906340033829,1
4.952187603525022,5.386097872826795,0.9791654206713502,0
0.05440780184958349,-9.779374711427057,0.7040147444633804,0
-5.355746097063654,-1.6769200364047698,3.1120682078299833,0
7.991491465491368,-0.3731169672935266,3.9066092787365254,0
-2.3221755725357713,-9.616154463538866,2.891491997101803,0
0.8710572222797719,-4.803735825099316,0.7348135479410484,1
8.12944221929094,5.2057964624427004,4.055618849667354,0
2.484759918279842,-7.257805885420019,3.1797735358186423,0
-7.662039185832718,0.706202629051834,1.9408285306349775,0
8.796642472269504,-5.69596255965525,3.370651477680315,0
2.5541610614283563,-9.757584507122134,1.2995248962141641,0
-3.3018877068582775,-5.17597084800917,1.7259610424710525,0
-7.214558546732254,9.517475098201075,4.587429215659951,0
5.880503785405919,6.030742237659791,1.452522528357102,0
2.4014551185702704,9.191532886420667,2.349941340789683,0
0.6692218395264309,-0.24291912147275063,4.450705686980073,0
7.877851661019154,-7.8052760264499295,3.538606751337637,0
5.771944224490614,0.95918977947386,0.31101613082351376,0
-6.9665024053449764,-0.9124533088007816,0.7365152213948517,0
-3.765558644089035,6.88714165479232,0.03920795385958409,0
-5.030217203710685,-8.038348384315109,3.154608951145817,0
4.878925851453539,-0.23517725956443591,2.2383671270520917,1
-9.329351305284412,-6.999026706120315,0.6713742545113777,0
1.39779369742633,-3.506481462198801,4.7896706052838525,0
5.249173714813811,4.747141547755993,2.6482986197280995,0
7.535312735234989,-0.47963741262466897,1.209466470564446,0
-3.158365025681851,-2.482234297084613,2.5030178557735376,1
6.425146093440258,-2.110474428599294,3.398101663675539,0
-7.7873652608958555,-0.8110646318802672,0.3811960898678224,0
6.929045834690363,5.700330876741138,1.37351907523946,0
-7.450226753360352,7.841693778804689,4.034827454419968,0
-2.0542541887926546,9.106693730078565,2.298324352013306,0
5.9459073155910716,5.738067725105902,2.7328857101614745,0
-7.001651453024524,-3.6918620850397454,2.1640800110473464,0
-5.414972095347171,3.762694121730842,0.2194997132150256,0
4.445051367861325,-1.2479375188921615,0.8287488991007796,1
4.400730730921488,-4.906587559078977,2.2277081937094545,1
2.8229526577059456,6.817431588518453,1.0459273270396392,0
3.8789688893420013,-9.2314730207535,0.24989514329839368,0
0.8544888669519235,8.03523984270847,4.218248320259119,0
-4.964018821860945,-0.7704507075053169,4.905962645820579,0
-3.086080129921611,2.744029536165609,3.965714369983697,0
-6.368045663971486,3.187078444115654,4.268924608523335,0
8.169011226672566,7.902354814130728,1.209885651585227,0
1.6678358953224084,2.7333936433441473,4.8031348775659986,0
-1.9829716647272022,2.2786716952012362,0.9846285222671419,1
-0.7598839271173468,-8.666959188786201,4.7571490518091615,0
8.945666792236306,0.3681604389040807,4.974096469829755,0
-6.932971937678396,-6.996619983659167,3.5586140287302435,0
1.7245966403359443,4.7486753744297125,4.90571865895911,0
0.11777357768932006,0.24443841625348917,2.847698897835518,1
2.229084708692957,3.6045555841670662,1.2977089158804516,1
-9.63779632358319,-9.166541987952314,2.1849794283281043,0
7.442478178883029,-8.304159679083936,2.96780467689393,0
8.642365649672247,4.326467761253646,0.36540781013507495,0
1.3026636717841793,-8.558313280026532,3.1117163230862306,0
3.9330164775378442,-8.574865444694828,4.905889183811473,0
8.449987623545915,-9.757830495302251,0.9505382489186381,0
4.144772686267972,9.130027965989601,3.9629755814419165,0
-6.949219141714773,4.750167189180139,4.539493968898097,0
1.5257672033362635,-2.934971829958717,4.718507964101104,0
2.1343009276571188,-4.069288374246895,4.8006780220272365,0
-1.5173865739522796,-3.005935405083009,2.6072981936073596,1
4.728884712494457,5.4930706236236375,4.886539539957519,0
8.687340295380295,3.2274122214082883,3.7865510356721943,0
8.511370258135528,-6.296088642650641,0.8083571811848095,0
-0.9832125719173579,-6.517813293318313,2.38450053233985,0
-7.735239083184895,-8.032087005732054,3.59165587686002,0
9.696823979246691,3.206054394026763,1.2367015790954166,0
6.777961728918683,5.287453244434719,3.203075917744437,0
-7.506746375934663,-4.6990714334999195,3.333002395233096,0
8.416837652347446,-9.581100779381744,0.8134987190428294,0
7.3979272412425665,-8.356566650471454,2.8254265622637815,0
0.3767611425214419,9.357200696900609,3.8581345548930384,0
1.8255087148985858,-4.091104450451595,2.4944783226797096,1
-2.019945922597395,5.384462956762672,0.06051558388053713,0
-8.904767223559373,2.493271377085275,0.04519234539646089,0
-3.296055167081981,-2.3612072069420815,1.785146719850061,1
6.057068971960227,-5.886254756088897,4.63097034215891,0
-9.907359539907944,-7.572271636811871,1.143383898018044,0
-3.3300165661771164,2.300259360777332,3.171818444358436,0
-2.0366261281811333,5.492675612755759,1.1103793534666029,0
0.7479120587584571,2.878085070822614,1.608349948297743,1
8.397112328255211,0.6060426649831658,4.24021044800742,0
-3.073080112680775,-9.160975531367274,3.6443072113497346,0
-3.0609359620754457,9.369775551887678,0.47699638656605314,0
4.750024962194967,5.974283833091491,2.143510104932168,0
-0.9556411822038573,-4.143559265980706,0.14584881822632234,1
-5.507903541200361,9.599406587177015,2.404450733015045,0
-0.9512096773461316,2.037631792726442,3.31217005850534,0
-7.182859592404003,1.6484531641449287,0.5925131179907578,0
-6.472260269875534,4.961463588590643,1.4444246945458283,0
-0.03264454521040605,6.235395761802749,1.9891831275107847,0
-1.6214910099090414,3.1295721466300535,4.597655123280249,0
8.296918021362,-7.4380850726759995,4.96627507711482,0
-2.7521220176673378,-3.234649880110032,0.22455649497807928,1
1.6117670055608695,8.561672806520995,3.80503961747696,0
2.6452857583906066,-5.507687763122961,1.858620332011716,0
-9.738110868233328,-2.556659523249733,1.9622909311474002,0
3.270747440334212,-1.3584623411160806,3.7713248667351134,0
-6.439280662604972,-1.2119002061109558,4.5921321607270436,0
9.221406349389103,2.25879164989051,4.754642972512742,0
-7.026745444937741,8.86151675489415,2.885612930191604,0
-1.7075175254595258,-5.1861457633499,1.785605796502514,0
-8.293006638427123,-7.569972473981639,3.937745429293896,0
9.937485036918947,-6.050590202801254,1.2550069163115012,0
0.04390020662485128,7.7384980041853915,2.8203701441675886,0
1.9077003464008762,2.916216253104121,1.7928923076243657,1
-8.65847045223145,-4.281864215216798,3.2831553685393806,0
4.999209407983557,6.3189387793723455,1.2019945644675345,0
-5.801888138088285,7.227399927268721,0.9579647286741289,0
7.961085788814273,6.9302867738055625,4.591195433377186,0
-5.897207190359857,8.37853067279109,0.5090184147476845,0
-6.186245586726669,-4.955179596532768,2.5297895386746583,0
-9.269006643038102,5.100838574925566,1.1042639148150446,0
-0.5586610978000159,-0.7892100545172003,0.19464981662833725,1
1.2968226652523285,6.839971057801229,0.18009409145713196,0
-8.685827211432953,4.569813543232264,0.8761088605291367,0
5.510552333900211,5.528948929994492,4.333851772530001,0
-0.9342233050394473,3.1232367536214305,1.4123937198851333,1
0.4878053865516012,-6.451424610605862,4.752295852876479,0
-1.1847450612354375,0.9005383779387657,2.908111464945968,1
-1.98473878249348,9.693394790490164,2.1830709488438305,0
1.1928066261643586,8.747761329942378,2.900444173347273,0
-6.89519508138575,-9.136525284059767,2.5834919261313387,0
-6.3614373900945775,-6.7037036854112575,3.7938812687866257,0
7.235712420270346,-7.365424530908761,1.4124803298642612,0
8.922309242672654,4.519598199705911,1.765251958001512,0
-2.533813674404941,6.3557065971389015,4.470471512666253,0
-4.585106537128924,-5.729772673786561,4.732282565752027,0
2.8799908647803143,0.11705385903658083,4.462791137432372,0
-1.8253165780380716,6.814060560224,2.097239969786568,0
-9.492272886793103,4.656030895325012,3.9018275150344084,0
-6.876948052676193,0.8447441098369666,2.381678666505494,0
4.3194445769479515,1.8069538091754573,2.487699260730511,1
3.178478838203027,0.1672109383255993,1.0234005452864197,1
-9.45808014993033,-4.049030973623589,2.9556515162925825,0
-5.560556761341012,1.3004398571803222,0.9306794887667397,0
-5.378504068238572,3.7777060410018137,1.6578234953359687,0
3.4378548719745687,7.466458317216155,4.275151008099676,0
-9.605789244912717,2.7258270795849615,1.0353790460542762,0
-7.917828360308523,5.22243074086316,0.35579142586716406,0
5.998321707463788,-6.79856730090854,0.3450379630640815,0
-6.429106758913328,-0.768850511604203,4.703922602515539,0
3.0549221570374936,-9.813367603458135,2.5346021898091733,0
-5.23634437906547,-5.06642270956754,2.0470603590850915,0
-8.011172144813097,4.529234302260097,4.054392905039592,0
-5.136556180010919,9.83619902698727,4.17912963955258,0
4.445338637113183,-8.016438008255681,1.660955165578023,0
7.113929362125717,-1.970113682774235,3.4680902873689763,0
6.604397291339833,6.00141937398319,3.855614079259433,0
-2.056329407630903,-5.919287307422023,3.2732534343297726,0
3.3617027314129224,1.1016989860457258,0.7579753740004969,1
-5.900314091683581,4.661425920593496,4.379415417585285,0
-4.137045394779735,2.319709005203581,2.6954727636800433,1
7.926716370422394,-6.239505307691678,1.4123621318500184,0
-9.73996152978528,-2.892308626285212,2.1261409271884695,0
-8.28982938291064,5.675835689707945,0.1878554519945369,0
-5.842274897079454,1.0845302826403334,0.6393340061120878,0
-9.469355922523606,-9.895407729141745,3.827733752579304,0
-6.371291298204054,5.219815200561877,5.817377683070557e-05,0
1.6608312193938435,-9.293772901195219,2.0828291424114607,0
-1.5715089881500415,4.914675654624643,2.612550905427942,1
7.853434221539498,-5.950388796695252,0.2731721000048615,0
6.3488712347688185,9.161469602387605,4.865390814861664,0
-3.1636529660424806,-2.6411849739583104,1.1306266562483596,1
-4.81153133137415,-3.461367673238418,1.5209935981814042,1
-2.4061518366546615,-7.022238993351106,1.5197125612751368,0
1.8058988502961544,-3.887915690195703,1.1520833105867494,1
-4.638727183542475,7.533015236564012,0.00736911043155708,0
2.4829781569826803,9.926686752544946,3.646723970439982,0
-1.811766956175191,-2.6338093898630337,4.834227498996427,0
1.0409436170396056,-1.0277873809091496,1.1214674164252254,1
-1.2774694172936663,4.441418764054742,3.3152359590171123,0
-4.110684809161647,7.723915609301489,3.7094816347935753,0
8.969066139243132,1.8608866837356821,4.242126895452624,0
5.272115883195216,-2.1694860364434128,2.1131459850680456,0
-7.1977364846709495,-1.7475631830275251,1.5146545282021462,0
7.369359517958255,3.912362929936137,1.6264756701151555,0
-0.25137603500972716,-9.935634727914426,3.563106665492564,0
7.891044537881829,2.3917867491968146,4.08389733252818,0
5.997105118946305,-2.890139791172852,0.9080698387830133,0
-1.4957299106153314,5.883946625541686,1.8547050407888261,0
-9.550613833597652,-8.140187203537357,4.50970098374575,0
-4.626452812301078,1.7640453389678097,4.033467598473696,0
0.8326842932173388,-0.38054220227752467,4.924292013812379,0
2.6695643965229454,2.846510518104548,3.771241298410404,0
-4.842246291335954,-8.702928110340633,1.9659760051396113,0
-7.212878518543517,1.5996757485626247,2.953189169973189,0
6.698604735985981,1.2296917591904748,3.3050712712366015,0
9.688043614071042,1.2132018883234181,0.39227908158561975,0
0.5138036460537165,2.069753331929096,2.7224847955193257,1
-6.5664142830339305,3.5293587445272436,3.546604142363048,0
-4.553853469612621,6.099779993615396,0.8366065200053019,0
-9.632186469050666,-4.603585597435713,3.903158587127786,0
8.285976131209981,6.500988203601242,2.9188639025705583,0
-7.644978342197177,-0.034886354730927494,4.761108928487973,0
1.5303295102850711,-8.458834417313376,0.21211149103445848,0
-4.51889558625588,-8.828981415120417,1.3266306877773348,0
1.0835600503158673,-3.3152336260787845,3.0077693964991203,0
3.028407767037285,5.697939542229351,1.4827995610296534,0
6.594836074144034,4.153618694818315,3.572120820356211,0
-5.871574564787936,5.772299293448128,3.795026412609655,0
-9.780083426830391,0.3453811288321873,0.5125798203323723,0
-7.2622873986238545,-1.1960200408901898,2.5692723210338384,0
8.0003728369621,-7.0509494658743215,2.5444527779552795,0
7.477801551250305,-3.4361449278137695,1.8464038510777052,0
1.9482620434061655,-1.3196126765224943,4.66462431284836,0
2.010337208673068,-8.227991406407655,4.137531599366106,0
3.3007334909251096,-5.587760945775775,3.486046909548184,0
-6.492574427531008,1.9645058812747767,3.571633178674988,0
8.288238918499196,4.713262284783797,2.3085807190655956,0
-1.6245895021585373,9.966950227858995,4.604972605482879,0
-2.337229435010051,8.662266626871155,3.472977136266427,0
0.37835410565675076,2.85130399070383,3.6449053082790823,0
-9.0606806644989,-1.5750389341185596,4.308454518936726,0
-6.674332624878412,2.7235472941646535,1.370357946710955,0
4.760672328527409,5.71303236160464,4.035354519333515,0
-8.344026641497472,-7.633276181532254,0.9762030147824602,0
2.0630421893277635,-1.8019022060742351,1.726709761224439,1
-5.093017806373581,6.7960457127123455,1.6780522713492134,0
-2.214087719160469,-2.3233409613391203,4.892627341945703,0
-4.226125264586003,1.4374454245437303,4.282686118739634,0
-2.8865456707010173,1.755387217243964,3.5058493079512987,0
4.380918103684909,-6.310474937327212,3.6352838080769505,0
-4.057565687536499,-2.7552911669542324,2.8103639720128553,1
1.3280928059379438,-3.309774225161357,4.735453335542595,0
-0.4789919560180067,-9.476065829358705,2.4812937644118076,0
3.273423307252962,-9.516164722172896,1.9025885493494727,0
8.73659478649516,6.633940873515471,0.815176684657955,0
4.651441944205006,-4.538583800543751,3.93102826130529,0
-5.701192428184864,0.36157532477630916,3.6722196603779573,0
-9.376337298774306,-4.025488528224539,1.9217751926206743,0
-4.754719114003498,8.813584902306811,0.1259670697961468,0
1.901558614005097,-4.814064822684525,4.194986638590054,0
-8.971483730314993,-1.4068637452212975,0.05708991727036816,0
-0.07267505597527268,7.454605009692038,3.5184988981452547,0
1.9368569783377847,6.838671335836175,4.851285548630285,0
-3.315122183660783,-6.277971643074453,2.1883066407410174,0
5.418244074916439,6.052866195914209,1.174867024979764,0
-7.868034937324564,-0.8362622652421479,3.5243550502169088,0
-8.497244365283825,-0.3406225582928961,4.085640710077926,0
4.563775124072066,-7.330400551681125,2.7321515803892367,0
-0.09017367587603076,-8.387969724857507,4.835176376280731,0
3.7680479285547204,4.558786139475304,0.2583436082898055,1
-1.3034532279250755,-0.0707769528940041,2.523977991522641,1
-5.071959335217864,-1.262985947696409,3.5922697366127503,0
6.382046353483993,4.590164573047934,4.3132023557458945,0
5.988317579379585,5.310257979822195,0.8962780595389502,0
3.893929417088536,-6.821836646612929,4.000017408818407,0
-4.5570972554007465,2.204502989552825,2.763535378592726,1
1.804613337381742,-7.292918354446289,1.982768409949816,0
-2.7805220611994645,5.027501720580913,0.6585751428954678,0
-8.168358533467316,3.139103125342791,4.326478794544562,0
8.346271509244858,9.13229242166916,0.7863660408985768,0
-7.263627381620772,-8.620839672871575,1.5489392960454962,0
9.004747076416049,-8.858905576974914,1.4502276598121844,0
-1.0798845408408848,-4.3562585061359975,4.357070170954271,0
